{"cameraMode":{"drawMode":0,"name":"Shaded","section":"Shading Mode"},"sceneLighting":false,"audioPlay":false,"sceneViewState":{"m_AlwaysRefresh":false,"showFog":true,"showSkybox":true,"showFlares":true,"showImageEffects":true,"showParticleSystems":true,"showVisualEffectGraphs":true,"m_FxEnabled":true},"in2DMode":false,"pivot":{"x":438.7864074707031,"y":285.9256896972656,"z":-483.2539367675781},"rotation":{"x":0.0363016277551651,"y":-0.003003024263307452,"z":0.00010927646508207545,"w":0.999340832233429},"size":2.354037284851074,"orthographic":false}